14639810_1766968980229123_2926074727171094949_n.png,Aranha,0.3822996516880782,0.2502441113565855,0.3262255979125986,0.053006064867715565,0.0
14900619_1766968860229135_4360548650556232129_n.png,Aranha,0.46017911955157537,0.3480670840896683,0.37469747185115215,0.019526237145117344,0.0
14907203_1766968966895791_2668220095245639531_n.png,Aranha,0.45006569842490635,0.30077316291746103,0.359386774486636,0.00951481058275468,0.0
m15.png,Aranha,0.5571088556717528,0.1478911012415724,0.22454244631872236,0.06571152324865957,3.603761975916322E-4
m16.png,Aranha,0.44578042731557754,0.2419730553732372,0.27671754330637305,0.06695965544519644,0.0
m17.png,Aranha,0.31992737325262477,0.2269412143868803,0.3269180510388307,0.06205941812428584,0.0024567109079722247
m18.png,Aranha,0.40318652872081756,0.2823073728042734,0.39082598707066163,0.07264656763645952,9.668629691482816E-5
m19.png,Aranha,0.3236863503423448,0.17546937664074894,0.217400413976144,0.16754416805836336,1.538191087281357E-4
m20.png,Aranha,0.5543314254592568,0.4347444017603342,0.5001256921861528,0.013707480003515866,1.010811285927749E-4
m21.png,Aranha,0.4636500369684357,0.371677464165196,0.4367426024644389,0.05257976619495473,0.0011646303946558846
m22.png,Aranha,0.26985298857184226,0.262200380196116,0.43049204880166325,0.07557352553397205,8.78966335589347E-6
m23.png,Aranha,0.33925062087779206,0.195217268413971,0.396788239774903,0.05317306847147754,1.757932671178694E-5
m24.png,Aranha,0.48221380597612395,0.17650016286743622,0.2566325593261026,0.07909378570800739,0.001094313087808737
p7.png,Aranha,0.4314002623111,0.18543614826623628,0.19644327134052833,0.10143271512701063,9.229146523688142E-5
p8.png,Aranha,0.601985895175715,0.34091800278165324,0.25224046795498667,0.023521139140370923,2.021622571855498E-4
p9.png,Aranha,0.5308564406689048,0.25862357318788837,0.38221664969066277,0.035562977937944974,0.0010371802759954294
1.png,Bahls,0.3268092660287594,0.22708684704452206,0.21955350233633472,0.25907093258328207,0.0016612463742638657
10.png,Bahls,0.37797548200973063,0.3070629943110302,0.2381655283192912,0.15137118748351938,0.0
100.png,Bahls,0.1938480456788226,0.1573450390969017,0.26564012016007166,0.3724356157159181,0.0103630130965984
101.png,Bahls,0.18859189593053766,0.1472014918300814,0.2810641869476716,0.3761140898303595,8.78966335589347E-6
102.png,Bahls,0.1946509900437032,0.15507703019693686,0.24866645295741535,0.37669420761184846,1.3184495033840203E-5
103.png,Bahls,0.4515026705065793,0.33340437449494764,0.3250345295894393,0.12297618001230552,0.05350268084732355
104.png,Bahls,0.43879612634366955,0.30134231947164625,0.3169977095172293,0.1175661422167531,0.06197591632240485
105.png,Bahls,0.27378503585693037,0.15916703290292408,0.10968601943758476,0.3499868155049662,0.04154873868330843
106.png,Bahls,0.3831569885580132,0.31038398764631814,0.2799933474314171,0.1754856289004131,0.03278983914916059
107.png,Bahls,0.38496252328836905,0.3129009680694685,0.28106723747789364,0.17106882306407664,0.029102575371363276
108.png,Bahls,0.3932464190739095,0.28381769548828356,0.3293030831037703,0.08747912454952975,0.0024391315812604376
109.png,Bahls,0.5613382865672917,0.5416495268233973,0.529751200823454,0.12785444317482642,0.37157862353871846
11.png,Bahls,0.39974592702512346,0.3169689449130633,0.21413036621890807,0.12392546365474202,0.0
110.png,Bahls,0.46648539278596723,0.36746533684243055,0.3380377162732343,0.1474246286367232,0.02896194075766898
111.png,Bahls,0.45576009044741406,0.402769846973822,0.3757062149815176,0.11016964050276874,0.023692537575810847
112.png,Bahls,0.4682548898966278,0.3193169569841254,0.3387489206812164,0.11078491693768129,0.06462599982420673
113.png,Bahls,0.4781678549947362,0.4591414567057389,0.47207718703201296,0.1097697108200756,0.10211391403709238
114.png,Bahls,0.5556572169169177,0.4843591559854945,0.46145125959323535,0.13684626878790543,0.15875010987079194
115.png,Bahls,0.5134427904939732,0.46001444262332536,0.4264644010017399,0.14483167794673463,0.019939351322844336
116.png,Bahls,0.5121369395081263,0.46180684456255955,0.43627333784888406,0.13102751164630394,0.03300518590137998
117.png,Bahls,0.33461948513263085,0.27812806022485353,0.2387367874988911,0.22352553397204888,2.549002373209106E-4
118.png,Bahls,0.582797560265182,0.38490694159362565,0.22530282113744138,0.14030939615012744,0.0
119.png,Bahls,0.4136450216899205,0.36004367256276476,0.36081809360827866,0.07002285312472532,0.05259295068998857
12.png,Bahls,0.3279596778503459,0.2722091181556606,0.2316951468995557,0.21826492045354662,0.007554715654390437
120.png,Bahls,0.4109592452610374,0.3116930098049457,0.26712605583697785,0.10540124813219653,0.006798804605783598
121.png,Bahls,0.4316474241977765,0.3318495692204006,0.2746631404607481,0.10575283466643227,0.006605432011953942
122.png,Bahls,0.45215245067878135,0.43124894222447113,0.37619972872707735,0.14058627054583808,0.06998769447130175
123.png,Bahls,0.49691865425088594,0.44513588647206426,0.43658194120583566,0.10939175529577218,0.09287597785004835
124.png,Bahls,0.349390738452526,0.32726320905453077,0.29754027303132774,0.16377340247868508,0.028285136679265185
125.png,Bahls,0.4155515169063118,0.22436496405737338,0.17665305130601888,0.14575459259910345,2.5929506899885734E-4
126.png,Bahls,0.4220620550233143,0.23340428832183022,0.17397656434488204,0.15146787378043422,2.5929506899885734E-4
127.png,Bahls,0.41807907939478445,0.2284955715609699,0.169096008976016,0.1564999560516832,2.2413641557528347E-4
128.png,Bahls,0.2965263939804764,0.23261268434613053,0.19120571776243234,0.29239694119715215,0.0
129.png,Bahls,0.4058081750763321,0.30093725386799336,0.23581660281250869,0.1711391403709238,0.0028039026105300168
13.png,Bahls,0.23148669400098976,0.18966185648054945,0.1615337273173272,0.20014502944537224,0.0
130.png,Bahls,0.41859000012075603,0.33518884850252006,0.28842487509212694,0.1010064164542498,0.01859013799771469
131.png,Bahls,0.3748078424480397,0.2642521633776261,0.24043460576651032,0.11626966687175881,0.00900501010811286
132.png,Bahls,0.6238675035807153,0.6020999712178018,0.564096551866458,0.09847938823943043,0.29135536608947876
133.png,Bahls,0.4793943577254641,0.42023294331358235,0.3711785904482611,0.07809615891711348,0.005348510152061176
134.png,Bahls,0.5006591558131193,0.44560401360159335,0.39341635256546087,0.08193724180363893,0.018713193284697196
135.png,Bahls,0.48172296359876987,0.4319097870316627,0.39427679166952123,0.07605695701854619,0.005361694647095017
136.png,Bahls,0.39000696279222247,0.35090185392961654,0.32864877022278793,0.09007647007119628,0.0077436934165421465
14.png,Bahls,0.37450115213542334,0.33076782018082407,0.3011097208507496,0.14492836424364947,0.01827810494858047
15.png,Bahls,0.3943772695860402,0.3283753944578193,0.29911408810703766,0.16096949986815504,0.023279423398083855
16.png,Bahls,0.48968710521910863,0.38203298019570164,0.3667644042762969,0.13067592511206821,0.03459611496879669
17.png,Bahls,0.44785451211339317,0.37011192171350077,0.3420060769320814,0.11299991210336643,0.015975213149336382
18.png,Bahls,0.2779198313764806,0.2707265604670355,0.2645476167087916,0.13119891008174386,0.0028258767689197505
19.png,Bahls,0.2813665513671082,0.2713563484637982,0.27500824677254104,0.13321613782192143,0.0026808473235475083
2.png,Bahls,0.3245512015126344,0.2237310742176815,0.21947584307537196,0.2706513140546717,7.603058802847851E-4
20.png,Bahls,0.2585461552117872,0.25329407283717525,0.2552016366010044,0.16694207611848466,0.0011822097213676716
21.png,Bahls,0.2534707623052526,0.24485385892092656,0.25684833694415565,0.13914916058714952,0.002280917640854355
22.png,Bahls,0.23292175303819576,0.23994600389175866,0.24903087929394663,0.17404851894172454,8.086490287421992E-4
23.png,Bahls,0.21869964686252133,0.24151497603543193,0.2288448314195872,0.17716005976971083,9.712578008262284E-4
24.png,Bahls,0.40466993090638564,0.3423674699730571,0.3171869113296353,0.09703348861738595,0.006394480091412499
25.png,Bahls,0.41167096670784287,0.34900082209206845,0.321863787793488,0.0883580908851191,0.005906653775160411
26.png,Bahls,0.2587692575494119,0.15018561700879035,0.14350536945053277,0.3568867012393425,0.0
27.png,Bahls,0.33942634520636744,0.281951805069543,0.2797339661892637,0.13192845214028304,0.0053836688054847495
28.png,Bahls,0.3979442183834954,0.3461327377044464,0.35424590720554017,0.06216928891623451,0.021086402390788433
29.png,Bahls,0.39230663171492747,0.30919078222849417,0.327324529882432,0.11275819636107937,0.003709237936187044
3.png,Bahls,0.3324738766036402,0.23011392093114755,0.2086647122593594,0.25105915443438515,3.603761975916322E-4
30.png,Bahls,0.6840981719225293,0.6282316920794704,0.585199430567592,0.0866748703524655,0.4158257888722862
31.png,Bahls,0.2968487161060648,0.2895301838765011,0.29354075215401315,0.16016085083941284,0.02824997802584161
32.png,Bahls,0.30810108802256697,0.22814355416087848,0.21979116793960318,0.22347719082359147,4.2629867276083324E-4
33.png,Bahls,0.25597498909926353,0.1580168278968629,0.1723179721042341,0.2841478421376461,0.0
34.png,Bahls,0.2835667247475149,0.2753554040058057,0.28373014354737913,0.14454161905599017,0.01517974861562802
35.png,Bahls,0.29676407681833633,0.2878666280612199,0.27778552187343947,0.14825525182385516,0.01517974861562802
36.png,Bahls,0.2655317832505031,0.1965818895019907,0.193218085335711,0.29453282939263425,0.0
37.png,Bahls,0.25715661284307484,0.18295487800484198,0.19621879023228425,0.23556737276962292,2.900588907444845E-4
38.png,Bahls,0.32723075623858794,0.253146027330837,0.22391579502520775,0.13437197855322142,0.0
39.png,Bahls,0.30201116114914545,0.2315357437693794,0.21652072378584203,0.2342489232662389,0.0
4.png,Bahls,0.30156950641744307,0.25583855973628794,0.24107937066027837,0.2168409949898919,0.005541882745890832
40.png,Bahls,0.26826878101176393,0.24257276893375387,0.22978679034263988,0.1033093082534939,0.0
41.png,Bahls,0.34569196193916735,0.3194184172748243,0.27555303355428384,0.09486244176848027,0.0017403533444669069
42.png,Bahls,0.49301807740741366,0.4208555961717962,0.4462569821809655,0.10049222114793004,0.09808385338841523
43.png,Bahls,0.4214071216955484,0.28622175458930693,0.2585439664133737,0.15851718379186078,0.015258855585831062
44.png,Bahls,0.46567936342157124,0.3248025686499208,0.266213533668909,0.18064076645864463,0.0635976092115672
45.png,Bahls,0.4485631485608223,0.2837941702128861,0.27947604989101954,0.11362397820163488,0.0602970906214292
46.png,Bahls,0.4465063328662992,0.2841051519493873,0.26222516359994524,0.1393732970027248,0.05024171574228707
47.png,Bahls,0.45153431329457094,0.3017208954427864,0.2775099056060923,0.12522633383141427,0.059215962028654305
48.png,Bahls,0.42145025998441443,0.32851384027309793,0.362541470838155,0.11679704667311241,0.06206820778764173
49.png,Bahls,0.5228565027136255,0.3341403623066211,0.2913017491432431,0.10135800298848555,0.08586182649204535
5.png,Bahls,0.3358398006299406,0.28431531107672386,0.24667771406728842,0.2381031906477982,0.022523512349477016
50.png,Bahls,0.5537522383480097,0.3584285115998368,0.3008357935774816,0.11674430869297706,0.10566054320119539
51.png,Bahls,0.28295474012768224,0.2643779934406154,0.21758584140356765,0.30548035510239957,0.019126307462424188
52.png,Bahls,0.3385637862423332,0.2509589005683547,0.22156745549603515,0.2509800474641821,0.001753537839500747
53.png,Bahls,0.3424576588129169,0.21306073312700308,0.17420795654133533,0.27850927309484047,5.054056429638745E-4
54.png,Bahls,0.26789789168732075,0.1721788886075598,0.15681898636243627,0.3319372418036389,2.285312472532302E-4
55.png,Bahls,0.5047920727578002,0.3212256754685916,0.23277793001719393,0.09869034015997187,0.0
56.png,Bahls,0.4683489392944628,0.3729298188468629,0.32089294362396287,0.07580645161290323,0.0
57.png,Bahls,0.4601730012564608,0.3568728273590846,0.29228822512582586,0.09136415575283467,0.0
58.png,Bahls,0.44542401508375706,0.3060344658213295,0.1892527235031594,0.10899622044475697,0.0
59.png,Bahls,0.4467755206152341,0.30964774131517653,0.17838702783575175,0.12964753449942867,0.0
6.png,Bahls,0.3738490969914642,0.3104247130866071,0.23365606909034614,0.18435000439483168,0.007383317218950514
60.png,Bahls,0.4589066175825799,0.36336182218352087,0.3050021112427978,0.09647095016260877,0.0
61.png,Bahls,0.2951147568108523,0.2387684475216161,0.16326639401496187,0.09228707040520348,3.076382174562714E-5
62.png,Bahls,0.3699215479460892,0.3311387095052675,0.23029922771619513,0.13531247253230202,1.757932671178694E-5
63.png,Bahls,0.3953991282721698,0.3403039500057992,0.26431053708305335,0.10902258943482465,4.394831677946735E-6
64.png,Bahls,0.3721292356267493,0.3280148286791652,0.28654971244030836,0.24542058539157952,0.00406521930210073
65.png,Bahls,0.4013927480108415,0.33070260432568765,0.28060876174338206,0.22693592335413554,4.394831677946735E-6
66.png,Bahls,0.35148447073303085,0.270550215691613,0.36184372667947734,0.16639272215874132,0.0
67.png,Bahls,0.42423980614497625,0.3608756745205515,0.31895813190366146,0.17413641557528348,0.0
68.png,Bahls,0.434760705723872,0.40527309139366874,0.38395433166692555,0.11270985321262196,0.1165509360991474
69.png,Bahls,0.4020570569794796,0.4264494930433075,0.4425842299652052,0.07170167882570097,0.0438779994726202
7.png,Bahls,0.36738738459268416,0.30576217583820764,0.2441725566030355,0.1889865518150655,0.008227124901116288
70.png,Bahls,0.2744759033965445,0.2338841867064392,0.23675532162432741,0.19853212621956579,0.004447569658082095
71.png,Bahls,0.33420883550766106,0.2681468976799275,0.24368264489609548,0.15574843983475434,3.427968708798453E-4
72.png,Bahls,0.3313322544454191,0.2666653396000825,0.23193744861946344,0.17624153994901995,3.384020392018986E-4
73.png,Bahls,0.33261428716714264,0.2666414351626732,0.23268787905444194,0.16674430869297707,3.515865342357388E-4
74.png,Bahls,0.32343624133329535,0.2823183857354265,0.27774417598646495,0.22837742814450207,0.01430517711171662
75.png,Bahls,0.336465883180331,0.2942903208573943,0.26421159304910113,0.23817350795464534,0.014520523863936012
76.png,Bahls,0.3138882713146656,0.2678142520084823,0.22010576894921607,0.2926078931176936,0.003164278808121649
77.png,Bahls,0.38456979768278116,0.3904643872141322,0.429521170162751,0.08453898215698338,0.08881515337962556
78.png,Bahls,0.3763457577811234,0.30309782205946356,0.2782292964651566,0.0966423485980487,0.0017579326711786938
79.png,Bahls,0.3815859482583081,0.3170143754084123,0.2639224820632483,0.0830359497231256,0.0
8.png,Bahls,0.3290255020881281,0.26517342350517675,0.2400880689800746,0.133910521227037,0.0011646303946558846
80.png,Bahls,0.3670825039167436,0.30881613575395905,0.25125752507225724,0.08348861738595412,0.0
81.png,Bahls,0.3911821752521775,0.3292705096454619,0.26342951982604706,0.08952272127977498,0.0
82.png,Bahls,0.3961078853622048,0.3321789230767969,0.25112959238382737,0.10651314054671707,1.3184495033840203E-5
83.png,Bahls,0.21649254515913335,0.1538258130009588,0.21459823482896181,0.29718291289443616,0.001160235562977938
84.png,Bahls,0.1726809162620785,0.168141037904496,0.3120468885452524,0.3970466731124198,0.0
85.png,Bahls,0.16027322065347596,0.13339086254188878,0.1998888366107929,0.43684626878790545,3.515865342357388E-5
86.png,Bahls,0.2734053223998029,0.18378698337043595,0.22111683875469076,0.23604201459084118,0.006895490902698427
87.png,Bahls,0.15198474045519308,0.13045956151659208,0.207760393777172,0.4367320031642788,0.004478333479827723
88.png,Bahls,0.15611386578030031,0.13803464850842156,0.21529416935120854,0.4048255251823855,0.0
89.png,Bahls,0.16379692775432023,0.14127812045989485,0.24703846942679883,0.3739166739913861,4.394831677946735E-6
9.png,Bahls,0.34662838854460726,0.2682625076049546,0.23084160164915798,0.13248659576338226,1.0987079194866836E-4
90.png,Bahls,0.15935178817963278,0.13599801457030875,0.22699595158470237,0.4153379625560341,8.78966335589347E-6
91.png,Bahls,0.16575790164899964,0.1387656727454866,0.22755862791655962,0.4004702469895403,0.0
92.png,Bahls,0.4095044180984395,0.2292188746819258,0.3003864521989104,0.15226333831414257,4.8343148457414084E-4
93.png,Bahls,0.16096293347275772,0.13714525521922943,0.22515672314476323,0.3817394743781313,0.0
94.png,Bahls,0.21725548793850263,0.16072247585873653,0.1324086435138681,0.40968181418651667,0.0
95.png,Bahls,0.1548298338410651,0.13752512378793155,0.25738631604543777,0.3898830974773666,4.394831677946735E-6
96.png,Bahls,0.15084504857597217,0.12848392094833894,0.23950286698156842,0.4003691658609475,4.394831677946735E-6
97.png,Bahls,0.15999798354798384,0.1329464157994942,0.21080063492415332,0.44167179397029094,7.031730684714776E-5
98.png,Bahls,0.15701304834157823,0.13274446035791979,0.21735453538034757,0.4316603674079283,4.394831677946735E-6
99.png,Bahls,0.2016777226845568,0.15052279538884755,0.2347034695043916,0.3741583897336732,0.0
e1.jpg,Espias,0.6653746033878877,0.5505970938959881,0.6221232207394893,0.022444405379273974,0.12378043420936978
e2.jpg,Espias,0.852687706707971,0.6529014161697059,0.4089172168823699,0.003594972312560429,0.04915179748615628
e3.jpg,Espias,0.6702395786473114,0.7679044925521652,0.5778926695929986,0.002636899006768041,0.010837654917816648
e4.jpg,Espias,0.5661345128717371,0.43855437613212217,0.4674523074590196,0.034679616770677685,0.02824997802584161
e5.jpg,Espias,0.7351020548847198,0.44223319493933244,0.41178075132685343,0.022119187835105917,0.07116550936099147
e6.jpg,Espias,0.3170273358531341,0.33758308386213054,0.28361946272770067,0.17612287949371538,5.933022765228092E-4
e7.jpg,Espias,0.650147304417193,0.647265983830229,0.3643777004518283,0.008055726465676365,0.007466819020831502
e8.jpg,Espias,0.6785328328395026,0.40558512444271544,0.29094728442502804,0.002979695877647886,0.0040608244704227825
e9.jpg,Espias,0.7239362525354757,0.6120529034326045,0.5060079761886307,0.009189593038586623,0.06443702206205502
1.png,GloriaPires,0.5440013649832438,0.404999009008599,0.312515394836945,0.08142304649731916,0.009356596642348598
2.png,GloriaPires,0.5232228765640331,0.3756093046342193,0.30800336764759084,0.09826843631888899,0.006548299200140635
3.png,GloriaPires,0.552291930572228,0.4066037774871399,0.2981920868902601,0.07959919135097125,0.015439043684626879
4.png,GloriaPires,0.5393136651691706,0.406571014447847,0.3234756397066203,0.04990331370308517,0.03252175441680584
5.png,GloriaPires,0.5835061105397397,0.429568772221993,0.3388463308326748,0.05052298496967566,0.0010415751076733762
6.png,GloriaPires,0.5423781726807351,0.4004519093390045,0.3208142847541595,0.04942427705018898,0.005792388151533797
7.png,GloriaPires,0.4789432067105377,0.3737211470683704,0.2951057430972295,0.06657730508921508,0.02441768480267206
8.png,GloriaPires,0.5503410906423364,0.4051234430663056,0.3008894794624762,0.07418915355541883,0.015439043684626879
m1.png,Gratidao,0.538549619373442,0.4374050328585968,0.5306482290547283,0.10184582930473762,0.010885998066274062
m2.png,Gratidao,0.5740195992260616,0.5055131870808197,0.48730407237142204,0.07813131757053705,0.022062055023292608
m3.png,Gratidao,0.5558048660267467,0.5419808454281619,0.5080723923566226,0.09754768392370572,0.14606223081655972
m4.png,Gratidao,0.597906853697144,0.5553421850419037,0.5580613621906702,0.08978201634877384,0.0854706864727081
m5.png,Gratidao,0.5771986308809745,0.5115550810295042,0.505553274838591,0.12754241012569217,0.10711523248659577
m6.png,Gratidao,0.5111594600047412,0.4588320605562342,0.443795704094829,0.09889250241715743,0.02185989276610706
m7.png,Gratidao,0.5164976121417388,0.4862798180720744,0.47959138406144736,0.0759163224048519,0.02622835545398611
m8.png,Gratidao,0.49075329138454715,0.4344213902496386,0.4870238027526858,0.14737189065658785,0.020339281005537488
m9.png,Gratidao,0.606391912131129,0.5792602722734159,0.5868993686951227,0.07932231695526061,0.18580469368023206
m25.png,Gretchen,0.42816735519034693,0.394236514329648,0.41751254250492975,0.21404588204271777,0.09825964665553309
m26.png,Gretchen,0.32080473676674814,0.2548796246987478,0.3051361794609408,0.34182121824734113,0.040489584248923266
m27.png,Gretchen,0.3651274932053222,0.24870319719713946,0.31292516549567,0.2678518062758196,0.08827458908323811
m28.png,Gretchen,0.19785801074421924,0.18301028735325162,0.23202649997341507,0.46612024259470863,6.152764349125428E-5
m29.png,Gretchen,0.3479926821743709,0.31097896168227573,0.3700874140637822,0.20511558407313,0.05390700536169465
m30.png,Gretchen,0.41439605533701346,0.3239889560464027,0.3702462656854673,0.2213456974597873,0.08254372857519557
m31.png,Gretchen,0.35398442333755703,0.2783402185696211,0.25535562805604617,0.2522721279774985,4.043245143710996E-4
m32.png,Gretchen,0.17346753942865503,0.17104117871134952,0.2666189094959685,0.4057352553397205,1.6700360376197592E-4
m33.png,Gretchen,0.2594034059085329,0.17298660696613147,0.13288273382680113,0.3028478509273095,2.6368990067680406E-5
p1.png,GretchenAmem,0.348159685778203,0.28268701732265444,0.19817026784361463,0.369636107937066,0.01801002021622572
p2.png,GretchenAmem,0.3476122103935684,0.2821557424940107,0.19823510453683948,0.36976355805572647,0.01801002021622572
p3.png,GretchenAmem,0.3474007241993705,0.28196016386702644,0.19820487498874897,0.3699217719961326,0.01801002021622572
p4.png,GretchenAmem,0.34738466152045383,0.28195175336561956,0.19826614411272975,0.3698426650259295,0.01801002021622572
p5.png,GretchenAmem,0.34717329596869323,0.28176131065957577,0.19833622013470045,0.3700272479564033,0.01801002021622572
p6.png,GretchenAmem,0.34733543940565903,0.2819041857756933,0.19829870033641436,0.3697547683923706,0.01801002021622572
p7.png,GretchenAmem,0.34797377578090816,0.2825142056472257,0.1981037938601554,0.3699789048079459,0.01801002021622572
0.png,InesBrasil,0.563657137637427,0.4817556404648123,0.4187148995134287,0.05285224575898743,0.04087632943658258
1.png,InesBrasil,0.49527653832045804,0.3642557654160365,0.25089375365176264,0.14070493100114265,0.001573349740704931
10.png,InesBrasil,0.4200037743849782,0.3482568201756571,0.24856695741511708,0.12630746242418917,0.00932583282060297
100.png,InesBrasil,0.5177178931694654,0.444552011540332,0.40719911345046067,0.11996572031291201,0.08739562274764877
101.png,InesBrasil,0.5271362932095273,0.4093451528454637,0.36419196280079974,0.12922563065834577,0.10444317482640415
102.png,InesBrasil,0.5520281027943498,0.45757243285826693,0.4076976769437586,0.09715654390436847,0.11267029972752043
103.png,InesBrasil,0.3094547651180709,0.30331080766659785,0.39550384590826,0.4101740353344467,7.031730684714776E-5
104.png,InesBrasil,0.4315898605199466,0.43021065893164007,0.516826397254739,0.23082974422079636,0.11715742287070405
105.png,InesBrasil,0.260966897438482,0.23223726231299582,0.30114829196181797,0.36700799859365385,0.040089654566230114
106.png,InesBrasil,0.13532079686076284,0.1149892369713059,0.11641299008857992,0.365513755823152,0.0
107.png,InesBrasil,0.5655724569865772,0.5265376481961502,0.6111141846210673,0.11547420233805045,0.0825744923969412
108.png,InesBrasil,0.23766344896065228,0.17383262068141578,0.23858693235597933,0.1768568163839325,5.273798013536081E-5
109.png,InesBrasil,0.18801875817584418,0.15159482409495026,0.17928941603911405,0.241337786762767,3.076382174562714E-5
11.png,InesBrasil,0.40698721362506834,0.3589291777185154,0.28018042938384025,0.0917245319504263,1.7139843543992266E-4
110.png,InesBrasil,0.22276893353829694,0.1797092172548439,0.2235701889089809,0.19314845741408104,3.164278808121649E-4
111.png,InesBrasil,0.20122826066372518,0.1558832146730744,0.18077971207841478,0.2633910521227037,1.0987079194866836E-4
112.png,InesBrasil,0.17337993578400662,0.15508133885554193,0.21573765095412153,0.2654390436846269,1.010811285927749E-4
113.png,InesBrasil,0.1606956960388654,0.1649953907099694,0.20250989680608109,0.2895023155948816,4.092007587063479E-4
114.png,InesBrasil,0.3624522988418187,0.3121230483932173,0.2697033057752673,0.31096949986815503,0.0010503647710292695
115.png,InesBrasil,0.35194996096369335,0.298836869018605,0.26706059869688165,0.30310714599630834,0.0012041838797574053
116.png,InesBrasil,0.38447898839593314,0.3319814141707613,0.2891248425186355,0.3096071020479916,7.734903753186253E-4
117.png,InesBrasil,0.326956277457006,0.28522286967011484,0.25599658409561005,0.38847235650874573,8.042541970642524E-4
118.png,InesBrasil,0.32298224660360497,0.2745886179031117,0.2362306648950289,0.3828689461193636,1.0987079194866836E-4
119.png,InesBrasil,0.35223814127926906,0.3019188179799762,0.27009751355946254,0.29554364067856204,7.075679001494243E-4
12.png,InesBrasil,0.5012624369428419,0.43588362830412236,0.3435317901442805,0.1036389206293399,0.025727344642700184
120.png,InesBrasil,0.35355574628560255,0.29490895804585066,0.25345752610627725,0.3174826404148721,5.273798013536082E-4
121.png,InesBrasil,0.3355880026267148,0.2780323563020534,0.23819643001803278,0.35884240133602885,3.296123758460051E-4
122.png,InesBrasil,0.31201123008766307,0.2603533444670504,0.22163220601602687,0.3632592071723653,7.383317218950514E-4
123.png,InesBrasil,0.33392882440852023,0.2877112578354372,0.24413219309003756,0.3564516129032258,4.5266766282851367E-4
124.png,InesBrasil,0.35120404600282457,0.2947026422418582,0.24314721652058918,0.3314274413289971,6.416454249802233E-4
125.png,InesBrasil,0.2443186028917773,0.197535292221977,0.17348122372812916,0.3936318888986552,9.27309484046761E-4
126.png,InesBrasil,0.23974018789216572,0.1854801310523207,0.17253416335346433,0.41672672936626526,7.295420585391579E-4
127.png,InesBrasil,0.2570205281727833,0.20105015795554856,0.17780413527824224,0.3876724971433594,9.536784741144414E-4
128.png,InesBrasil,0.26351481402981336,0.2139101765344981,0.18300958073319662,0.38918431924057306,9.75652632504175E-4
129.png,InesBrasil,0.235158360434953,0.17688964836192314,0.16441665072480377,0.3871670915003955,8.306231871319328E-4
13.png,InesBrasil,0.43917970035872583,0.39837037917926504,0.34692513447341494,0.10034719170255779,3.076382174562714E-4
130.png,InesBrasil,0.25226094270019783,0.19826821226878608,0.18621508478592547,0.35512876856816383,0.0011953942164015117
131.png,InesBrasil,0.278121183605882,0.21935387357028704,0.19300391053857108,0.3428056605432012,0.0011162872461984706
132.png,InesBrasil,0.26572698271551776,0.21359897074781328,0.20417926087563434,0.33626615100641644,0.001094313087808737
133.png,InesBrasil,0.4674152529957949,0.48797687801506173,0.5119301411344224,0.10889074448448624,0.12022501538191087
134.png,InesBrasil,0.268478474803936,0.38719752786438133,0.4580313394587591,0.1777313878878439,0.00323020128329085
135.png,InesBrasil,0.32534301230383256,0.39306402494201675,0.4125032271852728,0.20253581787817526,0.004192669420761185
136.png,InesBrasil,0.3920822195452161,0.4307167711947932,0.4147999317509558,0.1664674342972664,0.037949371539070055
137.png,InesBrasil,0.2897317946253108,0.35668107482092065,0.4015837594596693,0.1996220444756966,0.012142919926166828
138.png,InesBrasil,0.3238834800862901,0.41625319056181864,0.47310940373345267,0.1465017139843544,0.05951481058275468
139.png,InesBrasil,0.2827811184243972,0.4320849426176245,0.5288921060206825,0.1544299903313703,0.05444317482640415
14.png,InesBrasil,0.3922442595743376,0.367639647931013,0.3280616034760374,0.1302979695877648,4.175090094049398E-4
140.png,InesBrasil,0.21977689766252986,0.34715449298304163,0.4513400272653321,0.16891535554188275,0.01442823239869913
141.png,InesBrasil,0.35265104864133545,0.3940028299270525,0.41071310021773794,0.19092906741671795,0.0055594620726026195
142.png,InesBrasil,0.41136269080900134,0.3569154830782794,0.3164061824080612,0.22589874307814012,0.02445723828777358
143.png,InesBrasil,0.3885733169949219,0.3537699383173546,0.3282630246438448,0.2177726993056166,0.010450909730157335
144.png,InesBrasil,0.2949700892927102,0.42090964398412495,0.5046159692672814,0.16026632679968358,0.009497231256042894
145.png,InesBrasil,0.37597624722743145,0.40915658871446786,0.4666610826453722,0.21681023116814627,0.10601212973543113
146.png,InesBrasil,0.4007513438705596,0.4108277622379455,0.40791857324808267,0.19412850487826316,0.0447525709765316
147.png,InesBrasil,0.17565883697257986,0.1637609246038431,0.1544081712848224,0.5673024523160763,0.012819724004570624
148.png,InesBrasil,0.14677457271056657,0.13035655010894656,0.12640609623502613,0.6024435264129384,2.900588907444845E-4
149.png,InesBrasil,0.1385584262713527,0.1230151992237957,0.11648963250618806,0.6359541179572822,1.010811285927749E-4
15.png,InesBrasil,0.4234637305744649,0.3909406835601533,0.33858250305498444,0.13968093522018107,0.0012437373648589258
150.png,InesBrasil,0.17785956186116664,0.16453582821891138,0.15464206250304707,0.5843763733848993,6.152764349125428E-5
151.png,InesBrasil,0.20086502351672625,0.18848598910434974,0.1784736491064337,0.5775819636107937,0.013237233013975565
152.png,InesBrasil,0.35721507272177005,0.33554026269079446,0.305480561918351,0.2706996572031291,0.1037619759163224
153.png,InesBrasil,0.367112923045829,0.3472850970400052,0.3097462027796797,0.29127186428759777,0.1135976092115672
154.png,InesBrasil,0.3403925015556216,0.31373762337877187,0.2867288492265666,0.28260086138700885,0.09645337083589699
155.png,InesBrasil,0.3330190597820405,0.3046413558835607,0.27133840720981894,0.29850136239782016,0.09671266590489584
156.png,InesBrasil,0.35235852519817984,0.33194030956897164,0.29287079022552726,0.298017930913246,0.09631713105388064
157.png,InesBrasil,0.3651732856281349,0.3426677490021675,0.2970191666368182,0.2767161817702382,0.10170519469104333
158.png,InesBrasil,0.22326541164080166,0.10861276707241964,0.11270394173334623,0.3827414960007032,1.3184495033840204E-4
159.png,InesBrasil,0.20422050335490155,0.10459757991287483,0.09859180975739378,0.4438692098092643,1.3184495033840203E-5
16.png,InesBrasil,0.4799657375475808,0.4474648887418977,0.37326365370804626,0.097771820339281,0.025112068207787643
160.png,InesBrasil,0.1681115494454926,0.0880305466655147,0.09522824687596242,0.549178166476224,8.78966335589347E-6
161.png,InesBrasil,0.2985667161301467,0.333734314328685,0.2103661842693917,0.2724092467258504,0.0
162.png,InesBrasil,0.24761109014247928,0.2638002540386487,0.17316191766341102,0.3639843543992265,0.0
163.png,InesBrasil,0.24657022165478168,0.26201860651109227,0.17999393340901562,0.3662125340599455,0.0
164.png,InesBrasil,0.5464236410922703,0.257620414079471,0.11851485711642068,0.278711435352026,0.009712578008262283
165.png,InesBrasil,0.5627043725990309,0.2533145303477797,0.10598767378989041,0.24870791948668367,0.007102047991561923
166.png,InesBrasil,0.5906613963155778,0.27046988506236275,0.12175664007379655,0.22658433681989978,0.005880284785092731
167.png,InesBrasil,0.7022003801960185,0.3442005973525145,0.1636402649309302,0.12777094137294542,0.006939439219477894
168.png,InesBrasil,0.22548850708450616,0.17763778659064916,0.12008538037722603,0.3634306056078052,0.008714951217368375
169.png,InesBrasil,0.24830397413440108,0.18742571441886283,0.11917516765011418,0.310560780522106,0.005225454865078668
17.png,InesBrasil,0.5253819625766712,0.44865502639495125,0.35860053048213797,0.10923793618704404,0.019644897600421905
170.png,InesBrasil,0.19712838251255274,0.13989130116338588,0.08996823656964248,0.5028961940757669,0.009101696405027688
171.png,InesBrasil,0.21158434543740504,0.1539549004098503,0.09376833549646554,0.47006240660982684,0.009826843631888899
172.png,InesBrasil,0.16853107490644176,0.1387080918330841,0.12492219424473151,0.7377735782719522,0.0656016524567109
173.png,InesBrasil,0.1745821721494252,0.14938351714076964,0.1302423189545384,0.7513843719785532,0.07669860244352641
174.png,InesBrasil,0.23249421347119292,0.1979526978234683,0.1624067649385648,0.6706996572031291,0.08882394304298145
175.png,InesBrasil,0.5281274742470717,0.5074380544165342,0.3701571109238766,0.13007822800386745,6.152764349125428E-5
176.png,InesBrasil,0.5260609899228316,0.5055614785246918,0.37021465736690196,0.1331194515250066,6.152764349125428E-5
177.png,InesBrasil,0.5039193108904012,0.40333374696464525,0.38409955069324375,0.1629208051331634,0.00172277401775512
178.png,InesBrasil,0.50319840338351,0.41171601804131863,0.37456683332567875,0.17385514634789487,0.00323020128329085
179.png,InesBrasil,0.5036094666397997,0.3947571381546673,0.37957642439955813,0.16226597521314934,0.002553397204887053
18.png,InesBrasil,0.4702389237315832,0.4147809736536305,0.34126397082533805,0.11260437725235123,0.015781840555506726
180.png,InesBrasil,0.5097447378354127,0.39718884160867124,0.37690534911346124,0.15885998066274062,0.0016964050276874396
181.png,InesBrasil,0.5152589934629637,0.35023487359270755,0.3244802465243932,0.17542410125692187,7.427265535729982E-4
182.png,InesBrasil,0.5201030114076802,0.36767070474156777,0.32717403705809406,0.15617913333919312,9.448888107585479E-4
183.png,InesBrasil,0.5101354642235412,0.3621603958452234,0.3224054723411815,0.16042454074008966,8.042541970642524E-4
184.png,InesBrasil,0.11403569637401759,0.19082927888586593,0.35582594398405976,0.30055374879142127,0.0
185.png,InesBrasil,0.14201870991870652,0.20625643067305016,0.30686581286311027,0.2692581524127626,0.0
186.png,InesBrasil,0.16237124435777778,0.20461326342987476,0.2828230502891115,0.3117825437285752,0.0
187.png,InesBrasil,0.11589938075961563,0.2061480420596933,0.11111218540345158,0.576817262898831,0.0
188.png,InesBrasil,0.11806101749832958,0.2021602407335396,0.36972188471068407,0.28349740704931004,0.0
189.png,InesBrasil,0.11670654760982468,0.20266323352778481,0.3107276290143494,0.30673727696229236,0.0
19.png,InesBrasil,0.3266950865783409,0.2887169676697196,0.25172394597303915,0.13227124901116288,8.218335237760394E-4
190.png,InesBrasil,0.13348282654891455,0.19473445737628933,0.31788463825381696,0.31911312296739036,0.0
191.png,InesBrasil,0.1318784027630576,0.2082699529668733,0.358167493067435,0.24920014063461368,0.0
192.png,InesBrasil,0.13754339249981964,0.2060877208404884,0.3035806848011531,0.30072954205853913,0.0
193.png,InesBrasil,0.1285187349089373,0.21101191430271649,0.35862336637225856,0.2693724180363892,0.0
194.png,InesBrasil,0.1148909650877928,0.2000513936788016,0.3523131119372043,0.34920453546629165,0.0
195.png,InesBrasil,0.11526711097552382,0.20992675280558273,0.1389082031689788,0.41393161641909115,0.0
196.png,InesBrasil,0.6032109501969011,0.5854803895714831,0.5669365265661689,0.058890744484486245,0.10299288037268173
197.png,InesBrasil,0.5853507506542582,0.5675800333315886,0.5296482583540564,0.10386305704491518,0.037259382965632415
198.png,InesBrasil,0.5797208851019692,0.5312830667997728,0.46897198854941535,0.09687966950865781,0.04536345257976619
199.png,InesBrasil,0.5755557393917599,0.5414653919932193,0.4966401253302488,0.10711523248659577,0.163531686736398
2.png,InesBrasil,0.5217656365526857,0.42540226497570394,0.3381843140703788,0.145956754856289,0.020435967302452316
20.png,InesBrasil,0.517544081885194,0.46635756350543645,0.40365613802882727,0.07312120945767778,0.03099674782455832
200.png,InesBrasil,0.5388015552533777,0.4757486121809629,0.4124726012407039,0.13917992440889515,0.03831853740001758
201.png,InesBrasil,0.49118127905131487,0.4596785051369039,0.4805103519830637,0.16503911400193372,0.25858310626702996
202.png,InesBrasil,0.5347592752492859,0.504352658528524,0.5174979275353322,0.1318053968533005,0.29633910521227036
203.png,InesBrasil,0.4097555784202837,0.3691358899191011,0.4108496674578682,0.2024918695613958,0.1032345961149688
204.png,InesBrasil,0.39358640669958883,0.3434110442983898,0.391576882840792,0.23117254109167618,0.09050716357563506
205.png,InesBrasil,0.40234110098302645,0.36710197905316444,0.40722444836257965,0.23639799595675487,0.10310714599630834
206.png,InesBrasil,0.40541534606288815,0.3715205945260368,0.41630953058036946,0.2651314054671706,0.11241539949019952
207.png,InesBrasil,0.4109683451477711,0.3815936693742976,0.43032771656612223,0.2449767073921069,0.11657730508921509
208.png,InesBrasil,0.4220140048636748,0.39014911405366814,0.4220305845816266,0.2102883009580733,0.11630922035686034
209.png,InesBrasil,0.33430953747424447,0.31623814472630396,0.3802876632767461,0.27625032961237583,0.07214995165685155
21.png,InesBrasil,0.511759656134606,0.4682084597925878,0.40579843750805833,0.08140986200228531,0.04384284081919663
210.png,InesBrasil,0.33702609495954194,0.32321568972163855,0.3884718911737323,0.29376812868067154,0.08665729102575372
211.png,InesBrasil,0.09024490414982732,0.06975633674424933,0.05228698423218917,0.8445064604025666,0.0
212.png,InesBrasil,0.12935027153190135,0.08807602886478721,0.0592158413863814,0.7324514371099586,0.0
213.png,InesBrasil,0.13576853541825154,0.09615679725372658,0.0659041030494903,0.7453634525797662,0.0
214.png,InesBrasil,0.6630807770064547,0.6300207504997125,0.6223442376864512,0.13605519908587502,0.4654522281796607
215.png,InesBrasil,0.4914258040390204,0.45760953902552426,0.4366019506161422,0.24587764788608596,0.2925156016524567
216.png,InesBrasil,0.5818121011261431,0.5616156435329169,0.5282216787569096,0.11750900940493979,0.38351498637602177
217.png,InesBrasil,0.4026011026720255,0.4007734559061728,0.3891010242544835,0.18450821833523776,0.0668234156631801
218.png,InesBrasil,0.3045166805406595,0.20235669832684283,0.2588764052691525,0.2294805308956667,6.020919398787027E-4
219.png,InesBrasil,0.3033361942826755,0.20102385790402566,0.26422293343827435,0.23055726465676366,6.416454249802233E-4
22.png,InesBrasil,0.5046536786464699,0.4759946021125456,0.4003796272838178,0.032117429902434734,0.07291904720049222
220.png,InesBrasil,0.2948959458972062,0.16610247368719314,0.2247582239366208,0.27490551111892414,7.075679001494243E-4
221.png,InesBrasil,0.30993226788835276,0.20840097065472776,0.2692345926681782,0.21923617825437286,5.493539597433418E-4
222.png,InesBrasil,0.3118549636608771,0.19429059661149475,0.24290344985684897,0.2232354750813044,0.00434648852948932
223.png,InesBrasil,0.31149582835690653,0.19591792522597645,0.2402997447552303,0.22520875450470246,0.002100729542058539
224.png,InesBrasil,0.2957374269037571,0.18131660539771585,0.22990879431691047,0.22694031818581348,0.002219389997363101
225.png,InesBrasil,0.29809536612409826,0.18871746747410809,0.24278935657955922,0.2286718818669245,9.712578008262284E-4
226.png,InesBrasil,0.2903051736649599,0.18526312977524528,0.23541693164931984,0.2550013184495034,0.0014678737804342094
227.png,InesBrasil,0.27730786399136104,0.18361220694677655,0.23253892011250885,0.2986859453282939,0.00236881427441329
228.png,InesBrasil,0.2784824904737447,0.1792399698740296,0.22729088787681867,0.2795464533708359,0.0016568515425859189
229.png,InesBrasil,0.2985281450192193,0.20681409172633686,0.23909947313742194,0.27366616858574316,0.0017579326711786938
23.png,InesBrasil,0.4538434267967977,0.43170383315505295,0.3720214674602193,0.08990507163575635,0.014604025665816998
230.png,InesBrasil,0.28668550412182625,0.1871149394979604,0.23303319218184168,0.26080249626439306,0.0019908587501098708
231.png,InesBrasil,0.2935512135768701,0.189253998866097,0.23125916236246263,0.27030412235211393,0.0010855234244528434
232.png,InesBrasil,0.4281183398910598,0.2858942620734598,0.3342188315952918,0.04065658785268524,0.015434648852948932
233.png,InesBrasil,0.40936114658573375,0.28473375075636065,0.35156247468675267,0.049129823327766546,0.019442735343236355
234.png,InesBrasil,0.4465715831906337,0.3087057479228698,0.38616198487846576,0.04026984266502593,0.01760569570185462
235.png,InesBrasil,0.17888109308972885,0.10622951017464725,0.1666347308900089,0.4632240485189417,9.229146523688142E-5
236.png,InesBrasil,0.2311808481854814,0.16533679060114156,0.21914366273915425,0.4096202865430254,0.0023292607893117693
237.png,InesBrasil,0.19808850673988782,0.10340506388035213,0.1530007910699998,0.501731563681111,1.142656236266151E-4
238.png,InesBrasil,0.17373803701002638,0.0968250012496999,0.1346151420050105,0.5477102926957897,2.3292607893117694E-4
239.png,InesBrasil,0.18825187383586023,0.13511913440794368,0.15880439896825022,0.45820515074272655,1.9776742550760306E-4
24.png,InesBrasil,0.465415122012653,0.41554984514694004,0.3550570552560874,0.11263514107409686,0.030733057923881514
240.png,InesBrasil,0.471707142204847,0.41276874395723756,0.32887073507455383,0.1478201634877384,0.028496088599806627
241.png,InesBrasil,0.4390442878390271,0.3598150896116227,0.26742636933492264,0.22396501713984354,7.031730684714776E-5
242.png,InesBrasil,0.2761610542082366,0.24987937479659109,0.2722490680372847,0.1065263250417509,0.0
243.png,InesBrasil,0.26560970103095044,0.2544155649428147,0.2722175975955291,0.10540124813219653,0.0
244.png,InesBrasil,0.2670040346279744,0.2605260527346749,0.28810088120695365,0.10205238639360112,0.0
245.png,InesBrasil,0.26369858693253556,0.26685240431779295,0.29592692170495405,0.1058407312999912,0.0
246.png,InesBrasil,0.3279725348872507,0.35963305740689056,0.37662985348851885,0.08877559989452403,0.0
247.png,InesBrasil,0.30049132494703057,0.2932155346098892,0.30860316738111865,0.11296035861826492,0.0
248.png,InesBrasil,0.2968002523151367,0.2903289919291674,0.30798175541650014,0.11611584776303067,0.0
249.png,InesBrasil,0.31562784910063335,0.2852223181618186,0.2973066058630277,0.15326975476839236,0.0
25.png,InesBrasil,0.46570235442341623,0.43016205726386286,0.3506860418423391,0.04364507339368902,0.03254372857519557
250.png,InesBrasil,0.3098673105527027,0.2954389058076916,0.3056052717299901,0.1255867100290059,0.0
251.png,InesBrasil,0.33339704977534496,0.27158263920858877,0.28016384966587593,0.17476927133690778,0.0
252.png,InesBrasil,0.3383269996053865,0.27162662199460563,0.27429135493534956,0.18390173156368111,0.0
253.png,InesBrasil,0.33080594319115825,0.2657332388876831,0.27339632592088414,0.17998154170695263,0.0
254.png,InesBrasil,0.32403269754768804,0.2769179476309024,0.27599816968200236,0.1837786762766986,0.0
255.png,InesBrasil,0.3119525116894847,0.2557647955025669,0.26608298131608327,0.17701503032433857,0.0
256.png,InesBrasil,0.3094413221033447,0.26498982294869616,0.2726933424333623,0.17583721543464886,0.0
257.png,InesBrasil,0.3059694567816844,0.25967090466327497,0.26828208614919274,0.18602443526412937,0.0
258.png,InesBrasil,0.30615061001998767,0.2600099960878376,0.2675013916968485,0.18620901819460314,0.0
259.png,InesBrasil,0.31249035291365523,0.26593364321214247,0.272155811432574,0.18478069789927046,0.0
26.png,InesBrasil,0.5248825373517363,0.4926748152015271,0.407419251430871,0.07068207787641734,0.04208051331633998
260.png,InesBrasil,0.31062091216030197,0.25996746101105406,0.2744633565830036,0.18380944009844424,0.0
261.png,InesBrasil,0.3063454820269712,0.2596338846693849,0.2682802075741086,0.1794321877472093,0.0
262.png,InesBrasil,0.3052519272630461,0.2605871839815528,0.27041552702664795,0.18495209633471038,0.0
263.png,InesBrasil,0.27781938792930855,0.2541280395433109,0.26691889553586473,0.19863320734815856,0.0
264.png,InesBrasil,0.27697013410280347,0.25348280931446593,0.2624135898538149,0.21423925463654742,0.0
265.png,InesBrasil,0.31603581012272375,0.3249544057757971,0.3373879188663578,0.12876856816383933,0.0
266.png,InesBrasil,0.31232574492417614,0.33001202977477023,0.34847235650891756,0.11416014766634439,0.0
267.png,InesBrasil,0.3090492514138775,0.32440379368787176,0.34618723361735093,0.11408104069614133,0.0
268.png,InesBrasil,0.3189041357952504,0.3310532257203555,0.35099328366323157,0.14964841346576427,0.0
269.png,InesBrasil,0.3187522642001682,0.3211393471866277,0.33283218464515074,0.13732970027247957,0.0
27.png,InesBrasil,0.5052607686303243,0.5166090168157341,0.4707679925272441,0.06842752922563065,0.004895842489232662
270.png,InesBrasil,0.4499722867082114,0.42511399848693054,0.43328750644160036,0.207260261931968,0.06285927748967214
271.png,InesBrasil,0.4277652711781386,0.40142640725102974,0.4050765131578935,0.21587852685242157,0.047095016260877205
272.png,InesBrasil,0.42415887230351296,0.4053382383101234,0.41477551027452086,0.22055902258943483,0.05541003779555243
273.png,InesBrasil,0.40977067595968164,0.37766413834583257,0.3588458999668171,0.23720664498549707,0.0018765931264832557
28.png,InesBrasil,0.5338302940054802,0.497022648032454,0.43105015795554247,0.07178957545925992,0.06677946734640064
29.png,InesBrasil,0.4970584616019669,0.42776951089842324,0.3449274335733891,0.11121561044212007,0.08429287158301838
3.png,InesBrasil,0.46582053230892545,0.3748718001749309,0.3026834842227526,0.19669948140986201,0.007014151358002988
30.png,InesBrasil,0.4826305049576311,0.4286373781295336,0.3588717346832056,0.10673727696229235,0.02785883800650435
31.png,InesBrasil,0.4705227436848043,0.409952363471555,0.3466065177940399,0.1000087896633559,0.02040520348070669
32.png,InesBrasil,0.5240441930485743,0.5206631542482661,0.4765678088060787,0.09834314845741408,0.1366660806891096
33.png,InesBrasil,0.49032452815886,0.49640023645901893,0.44244083781001853,0.12621077612727433,0.11700799859365386
34.png,InesBrasil,0.48055712677955864,0.48621568799767173,0.43749208499425357,0.17055023292607893,0.14545134921332514
35.png,InesBrasil,0.5753929238037343,0.5212158172574883,0.44374660262281773,0.10899622044475697,0.0831018721982948
36.png,InesBrasil,0.583413388208369,0.5391257214848634,0.4639714801276826,0.07420233805045266,0.028983914916058715
37.png,InesBrasil,0.4775903741122884,0.3967322272145716,0.2940938804986935,0.11863408631449415,0.07116550936099147
38.png,InesBrasil,0.4799182216615936,0.3933565311507095,0.2852569080723575,0.11519293311066187,0.106847147754241
39.png,InesBrasil,0.486562069672747,0.4028202238090584,0.30785063432074555,0.127722598224488,0.12175881163751429
4.png,InesBrasil,0.5231086281748579,0.37989056007405714,0.2656225063640643,0.0969719609738947,0.00409158829216841
40.png,InesBrasil,0.5912028395788669,0.4701304661799376,0.332633951884161,0.08641997011514459,0.18381383493012218
41.png,InesBrasil,0.3716855127391951,0.32041347610521054,0.23267796913983876,0.16948668366001582,0.0
42.png,InesBrasil,0.4738797057017556,0.4129600139257035,0.3365741511512055,0.1082754680495737,0.1613694295508482
43.png,InesBrasil,0.47365605185561527,0.39797213849069124,0.31199947606730916,0.08687703260965104,4.8343148457414084E-4
44.png,InesBrasil,0.48374782628205876,0.405264939411775,0.3265162772501814,0.13085171837918608,0.16146172101608508
45.png,InesBrasil,0.45750411476924663,0.3982822929647649,0.3287788572406565,0.13442911136503471,0.18933374351762328
46.png,InesBrasil,0.520871210750191,0.38873520191233185,0.26375399628092766,0.16863408631449414,0.12339808385338842
47.png,InesBrasil,0.5057447688578199,0.41213568137985257,0.30562645309530095,0.10417948492572734,0.051406346136942956
48.png,InesBrasil,0.5772402869911905,0.4504878607857243,0.316290538013732,0.09670387624153995,0.052777533620462336
49.png,InesBrasil,0.42481020359286537,0.3741602166049466,0.27839729967766835,0.10962468137470335,9.492836424364947E-4
5.png,InesBrasil,0.40221506410418995,0.3449382224543585,0.3016841684376791,0.17007119627318273,2.1974158389733675E-5
50.png,InesBrasil,0.3811803139116838,0.3434265554689742,0.2635635880441569,0.11523688142744133,4.175090094049398E-4
51.png,InesBrasil,0.5302790114903086,0.4575003231493254,0.3170041552704188,0.07363540476399753,3.208227124901116E-4
52.png,InesBrasil,0.530381574797465,0.4935649323453967,0.34515446540765765,0.05215786235387185,6.592247516920102E-4
53.png,InesBrasil,0.3203154110375113,0.25673987939221016,0.19254419391050182,0.2540036916586095,0.0021183088687703262
54.png,InesBrasil,0.5402698598996512,0.4868836679438699,0.3544765238433363,0.12044915179748615,0.047921244616331196
55.png,InesBrasil,0.3811163217155939,0.35206700136341096,0.29472111776957843,0.08919310890392898,0.002483079898039905
56.png,InesBrasil,0.536928805450324,0.4576768230365649,0.350897872729233,0.06845829304737629,0.006223081655972576
57.png,InesBrasil,0.6021704953406841,0.5589473257880861,0.457250593302373,0.11084644458117254,0.13093082534938913
58.png,InesBrasil,0.41501820839086556,0.36528272555405267,0.30130443774606325,0.14454161905599017,0.007163575635053178
59.png,InesBrasil,0.4411837608384941,0.39930792603589105,0.33844696989291057,0.06471829128944362,0.03804605783598488
6.png,InesBrasil,0.4610420059734955,0.3748219231439814,0.30237177863164255,0.14182561307901909,0.04803551023995781
60.png,InesBrasil,0.5647484518989248,0.537619655755317,0.4543323388948988,0.03399402302891799,0.1097697108200756
61.png,InesBrasil,0.6125400575980752,0.5249725538453872,0.4472675521822899,0.1266019161466116,0.08902610530016701
62.png,InesBrasil,0.6243352343133388,0.5199715456190125,0.43736601364641026,0.06569394392194779,0.022303770765579677
63.png,InesBrasil,0.6316798770138198,0.5038706058144531,0.40516530599224165,0.07446602795112947,0.05898303594972312
64.png,InesBrasil,0.34163553230034366,0.3149737085658308,0.2602614493982987,0.23781752658873165,0.019082359145644722
65.png,InesBrasil,0.680174552373327,0.6638690546973296,0.38392260270553363,0.04338138349301222,0.028280741847587238
66.png,InesBrasil,0.5806191025236529,0.4866488115856979,0.31465186900997627,0.10548035510239957,0.0918651665641206
67.png,InesBrasil,0.47087246887861295,0.3980968138332686,0.3304872920427265,0.14116638832732706,0.06120242594708623
68.png,InesBrasil,0.5369894713620728,0.398437663190567,0.28928297028591915,0.11204183879757405,6.680144150479037E-4
69.png,InesBrasil,0.4072156759337806,0.3506400770733668,0.27387186394306934,0.11670915003955348,4.878263162520875E-4
7.png,InesBrasil,0.4900199577062444,0.3656649035638013,0.2732063313153294,0.12305528698250857,8.525973455216665E-4
70.png,InesBrasil,0.47192552225250006,0.42506544852280126,0.34178993738671815,0.10844686648501363,0.007818405555067241
71.png,InesBrasil,0.4691620520934466,0.4140415733842745,0.34598900085668716,0.12047112595587589,0.01840116023556298
72.png,InesBrasil,0.48692518617713965,0.49359442080425253,0.44978704886197096,0.11394480091412498,0.13435879405818757
73.png,InesBrasil,0.5730036520190533,0.44554081419868896,0.3130337781593826,0.10564735870616156,0.07448360727784126
74.png,InesBrasil,0.4082401887537809,0.3532664457188413,0.25729376606069354,0.2657686560604729,0.002500659224751692
75.png,InesBrasil,0.4029384189292007,0.34965413536434264,0.2739088839369693,0.1182517359585128,4.131141777269931E-4
76.png,InesBrasil,0.6009632609305844,0.5141079784289668,0.42588917785640484,0.11691131229673904,0.26819899797837743
77.png,InesBrasil,0.2966959483100224,0.258228744956889,0.206606104162858,0.13871846708271074,0.0
78.png,InesBrasil,0.600765459035794,0.5524055412791726,0.4114713724113329,0.07630306759251121,2.1534675221939E-4
79.png,InesBrasil,0.3549015299185776,0.32682913756180876,0.2781900704380595,0.11564999560516832,0.005045266766282851
8.png,InesBrasil,0.4857134362930135,0.3387913006461967,0.22731592980006168,0.1475828425771293,8.78966335589347E-6
80.png,InesBrasil,0.41919769331664863,0.40578328826482424,0.340029178235531,0.09773226685417949,0.0071767601300870175
81.png,InesBrasil,0.6763636818006074,0.5802922649233409,0.48480001792399086,0.10628460929946383,0.17405730860508042
82.png,InesBrasil,0.6213184150341945,0.5679001494235826,0.4834136639628529,0.10140634613694295,0.10442120066801441
83.png,InesBrasil,0.42074405362049944,0.382712059245919,0.3139929372470966,0.06923617825437285,0.011435352026017403
84.png,InesBrasil,0.5446073347153666,0.503710995868737,0.38403092238040165,0.07275643842840819,0.014990770853476313
85.png,InesBrasil,0.618755125149383,0.5513618807812644,0.42710546044909925,0.06586973718906566,0.04697635580557265
86.png,InesBrasil,0.6030863954970889,0.56015166477972,0.45222056195268934,0.10928627933550145,0.11826052562186869
87.png,InesBrasil,0.4770308000145321,0.4477437106512304,0.3974216815143593,0.07833787465940055,0.08140546717060737
88.png,InesBrasil,0.4712606100715306,0.4368642100418991,0.3856089082376733,0.08086490287421992,0.07332776654654127
89.png,InesBrasil,0.6173390586787401,0.5377045363280324,0.39220868728970376,0.0770545838094401,0.020624945064604026
9.png,InesBrasil,0.4696438807570593,0.3564615228179687,0.2593272805300412,0.16130790190735694,3.955348510152061E-4
90.png,InesBrasil,0.5908029615994848,0.4801838935449871,0.3238181780580093,0.0905774808824822,0.10180627581963611
91.png,InesBrasil,0.5424000951351958,0.45984378527715103,0.32226135633134745,0.10877647886085963,0.11966247692713369
92.png,InesBrasil,0.4650851477094734,0.4232142764815968,0.2868434078388612,0.14567988046057836,0.0
93.png,InesBrasil,0.19811887416495988,0.16863300053276584,0.20812947346492647,0.3381603234596115,8.78966335589347E-6
94.png,InesBrasil,0.24392741116860858,0.17987596233913397,0.21734491845453335,0.2520699657203129,0.008605080425419706
95.png,InesBrasil,0.22052426033282954,0.18405063880199307,0.2190453563865666,0.3355673727696229,3.076382174562714E-5
96.png,InesBrasil,0.0953115590967273,0.07285879492000917,0.1989727813426253,0.586138700887756,2.1534675221939E-4
97.png,InesBrasil,0.11258231692087568,0.08542673815602746,0.18373734762440436,0.5837039641381735,3.2521754416805837E-4
98.png,InesBrasil,0.5336963119606685,0.41350026799860473,0.39956715216630173,0.13628812516480618,0.09305177111716621
99.png,InesBrasil,0.5049674179245301,0.42905623144053584,0.3986669872309559,0.11376900764700712,0.08434121473147578
i1.jpg,InesParodia,0.439916773952341,0.3758860928568567,0.3296476206727631,0.11912630746242418,0.04716533356772436
i2.jpg,InesParodia,0.10061660350180424,0.24208040990872728,0.45872168995932155,0.0933506196712666,0.002399578096158917
i3.jpg,InesParodia,0.5631517319944608,0.479601793780668,0.4093416369800183,0.08105827546804957,0.060587149512173685
i4.jpg,InesParodia,0.5641502172028511,0.5284065699220211,0.44430404691747555,0.026173758121987006,0.04952316076294278
i5.jpg,InesParodia,0.5173050375109504,0.4853676061267467,0.3667236098976814,0.05933462248395886,6.108816032345961E-4
i6.jpg,InesParodia,0.39225501398586937,0.34184210662382497,0.2703305602808406,0.1740353344466907,0.0016041135624505582
i7.jpg,InesParodia,0.5777043467477658,0.5017876796499827,0.41010314928519565,0.14850136239782016,0.23205150742726555
i8.jpg,InesParodia,0.12697604558228914,0.09797424111617611,0.2142311888281089,0.5015425859189593,1.8458293047376285E-4
19247636_1886192584973428_2595505324610758486_n.png,MachoChato,0.7683589009130938,0.7496265254805619,0.6976666028986926,0.08736925375758109,0.565755471565439
19424071_1886192498306770_551772063438023766_n.png,MachoChato,0.8091273070712952,0.7756226959448982,0.7351268382893108,0.05145468928540037,0.5517183791860771
19424230_1886192441640109_6431649748380275354_n.png,MachoChato,0.7986295536059134,0.7771136469003405,0.7352718160307117,0.05043508833611673,0.5670299727520436
19424294_1886192628306757_5539210040093195699_n.png,MachoChato,0.7604686096994204,0.7398527128175327,0.6985326949625527,0.11407225103278544,0.569051595323899
19424434_1886192831640070_4589256537552068754_n.png,MachoChato,0.7605203653054239,0.7444956542870957,0.7251209095752041,0.06960094928364244,0.5698162960358618
19429780_1886192744973412_8045873304327633174_n.png,MachoChato,0.7931766015715039,0.7727864956301248,0.722323659533335,0.07565702733585304,0.5670695262371451
19429839_1886192791640074_4097229713023179911_n.png,MachoChato,0.7893456698844218,0.7535499209791302,0.6963506868863948,0.09055550672409246,0.5711655093609914
19429853_1886192484973438_2449390518496250249_n.png,MachoChato,0.8095270299383777,0.7760065284794,0.7354123300020381,0.051309659840028124,0.5517183791860771
19429906_1886192771640076_1323098485870675767_n.png,MachoChato,0.6323762079324007,0.61679782223155,0.6119463589251796,0.08434560956315373,0.2606838358090885
19430006_1886192488306771_2453724057692712116_n.png,MachoChato,0.7874882589057038,0.7623747946924715,0.7335234141122321,0.04757844774545135,0.5667662828513668
19430048_1886192658306754_8422182030400797000_n.png,MachoChato,0.7922774362447935,0.7582813278251463,0.7315175439957792,0.07098532126219566,0.5711655093609914
19437490_1886192571640096_5438523014489529994_n.png,MachoChato,0.6666407285425232,0.6379521118459264,0.6111771599737374,0.08752746769798717,0.3934385163048255
19437656_1886192641640089_6770811841341294635_n.png,MachoChato,0.7862406437481378,0.7653664686406929,0.7100240423145993,0.08188450382350355,0.5670695262371451
19510094_1886192551640098_1204336569721146089_n.png,MachoChato,0.7828174145637633,0.7589844319551757,0.7401669519000624,0.03652544607541531,0.5667662828513668
19510415_1886192604973426_6869450533096635143_n.png,MachoChato,0.771555787648803,0.7523919086840016,0.72229980679985,0.0763953590577481,0.596202865430254
19510510_1886192474973439_4538671004995347687_n.png,MachoChato,0.7839310132070726,0.7750460250901916,0.746514657194603,0.05086138700887756,0.5902874219917377
19511042_1886192434973443_8532699959853594236_n.png,MachoChato,0.7999464175229251,0.7646920429417902,0.7011988411433635,0.07192581524127625,0.5517183791860771
19511338_1886192674973419_274925107606035392_n.png,MachoChato,0.7757499564826975,0.7587285665783183,0.7271454275656078,0.07167091500395535,0.565755471565439
19554405_1886192428306777_4189719020743597844_n.png,MachoChato,0.7846588145675581,0.7605705525596933,0.7397451859360586,0.03878878438955788,0.5667662828513668
19554424_1886192714973415_4464002648271700687_n.png,MachoChato,0.7587162955189332,0.7378448779529043,0.6951241669209612,0.11687615364331547,0.569051595323899
m10.png,MilenaENEM,0.35634789487580537,0.2989049630577464,0.26299500023288175,0.22801705194691044,0.027037004482728312
m11.png,MilenaENEM,0.3532586556642517,0.2948768154534463,0.25844903804911784,0.22357827195218424,0.021499516568515425
m12.png,MilenaENEM,0.35711383648131195,0.2970074298508925,0.2604067545979829,0.22357387712050628,0.014353520260174035
m13.png,MilenaENEM,0.37208966490712214,0.3137650609159536,0.2763540476402043,0.21815065482992002,0.02622835545398611
m14.png,MilenaENEM,0.3796376418196745,0.3213142959566506,0.25750678613731287,0.22148193724180365,0.024782455831941635
14717143_1829917860600901_8246236204316676398_n.png,Outros,0.3212284674792353,0.24833613396152313,0.23439629662197672,0.2281093434121473,0.016370748000351588
17021930_1826055837653770_7543841216550580116_n.png,Outros,0.4193697466681473,0.25744129452798,0.17044034489970591,0.08109343412147314,3.9992968269315286E-4
17156317_1829829253943095_2936709416634492178_n.png,Outros,0.42759480341325434,0.36398085576865624,0.31436389550998883,0.21967566142216752,0.019508657818405554
17190362_1832759230316764_5442891774991481880_n.png,Outros,0.38970761443371327,0.3722135474563752,0.3410950886464295,0.13778676276698604,0.00907093258328206
17264923_1834407416818612_8498951160228759250_n.png,Outros,0.5521213076950919,0.5597465302372945,0.5510046068176593,0.0672277401775512,0.054372857519557
17361756_1833780606881293_1636609429761836246_n.png,Outros,0.5566843149318947,0.401566679937354,0.38618302836651935,0.15071635756350532,0.04736310099323196
17362742_1834411980151489_8298020910707898094_n.png,Outros,0.5396294208990752,0.40464280359242,0.3756019282108784,0.10823591456447218,0.04678298321174299
17796745_1846219352304085_5967139566075972174_n.png,Outros,0.3102207756620114,0.20785318504670636,0.15570028626744065,0.36332952447921246,0.0
17951656_1850681895191164_5865699985520785127_n.png,Outros,0.6537069974341138,0.5891898860277563,0.547886964929654,0.09421200668014415,0.4057923881515338
18010082_1851216161804404_570569741265097840_n.png,Outros,0.19277069147091075,0.14693335539390207,0.1525995860243303,0.619394392194779,0.00172277401775512
18010204_1850907205168633_5829448143455887431_n.png,Outros,0.45262790252785584,0.4030652658357177,0.3365695322693681,0.1621385250944889,0.0014458996220444757
18581634_1865196977072989_8371264810409361725_n.png,Outros,0.7224570211314727,0.7018620815646361,0.6681194773770843,0.15452667662828515,0.5437725235123495
18619970_1865210610404959_5241878258374625124_n.png,Outros,0.3635510584651602,0.3057429592212751,0.2766603587908249,0.21507866748703525,0.01625648237672497
18882122_1870996299826390_6613003907761280826_n.png,Outros,0.3829224596580381,0.38496905521460395,0.35652351579641806,0.12965632416278455,0.0
19959364_1895298237396196_3697754658879522400_n.png,Outros,0.3233557728266759,0.4134527693473456,0.6539003527926446,0.09247165333567724,0.03827019425156016
o1.png,Outros,0.07826838461512602,0.06386079930797774,0.042621370601523816,0.7783686384811461,1.757932671178694E-5
o10.png,Outros,0.3524412169720946,0.2890573861610227,0.2360034262453871,0.33817350795464535,0.031014327151270105
o11.png,Outros,0.46226018437611593,0.254543825089305,0.3629469673077085,0.11639711699041927,0.042467258503999294
o12.png,Outros,0.38844076542465183,0.285332464707911,0.2508044954821473,0.10881603234596116,0.05648677155664938
o13.png,Outros,0.45580505560758444,0.4219023072005266,0.3528606045565843,0.14641821218247342,0.028847675134042367
o14.png,Outros,0.5494314811272496,0.36411740577408924,0.19414251663584262,0.1977234771908236,0.05
o15.png,Outros,0.6011577537756048,0.57656782604042,0.5324998836661324,0.18933813834930122,0.09416805836336468
o2.png,Outros,0.3354201545257748,0.3048553066300908,0.18040684077108535,0.32699305616594887,4.7464182121824736E-4
o3.png,Outros,0.22391208957888167,0.27312575940120415,0.3164972329796213,0.18823943042981453,8.78966335589347E-6
o4.png,Outros,0.3464289493595469,0.32026917051436843,0.24786407733532914,0.26420409598312383,0.008987430781401072
o5.png,Outros,0.43094871489960523,0.37189639572114336,0.2680880586392837,0.10915882921684099,0.005625384547771821
o6.png,Outros,0.30533839342190117,0.21440193234719396,0.16208975108025153,0.47033488617385955,0.007699745099762679
o7.png,Outros,0.4933146337553488,0.4401660212296287,0.6301150584166564,0.053797134569745976,0.005361694647095017
o8.png,Outros,0.46281806947976956,0.48759376933510296,0.5628308920474917,0.09765755471565439,4.043245143710996E-4
o9.png,Outros,0.3366544990151391,0.277223035122554,0.2334183517831339,0.34923529928803726,0.031163751428320296
p1.png,Procurando,0.20137380714768036,0.5505075599721924,0.7595092782653158,0.0,0.18721543464885296
p10.png,Procurando,0.23870230099574657,0.5731503015199122,0.7718794540758701,0.0,0.22454074008965458
p11.png,Procurando,0.25238611784673964,0.5811983758080329,0.7761397866697519,0.0,0.23490814801793092
p12.png,Procurando,0.21339487821133177,0.5567761410620957,0.7625272867343722,0.0,0.1989935835457502
p14.png,Procurando,0.23663435172760544,0.5712760350689585,0.7705957668293466,0.0,0.22239166739913863
p15.png,Procurando,0.3066581010532995,0.6152987882327374,0.795499209792132,0.0,0.28929419003252177
p16.png,Procurando,0.29377860733790706,0.6100683180891868,0.7937149081308884,0.0,0.27260261931968005
p17.png,Procurando,0.23865421636671952,0.5804417753740682,0.7788913994010587,0.0,0.22318273710116904
p18.png,Procurando,0.19152373122913305,0.5438554048673987,0.755584038660814,0.0,0.1771952184231344
p19.png,Procurando,0.1809228801829089,0.5380286853248709,0.7526238351543181,0.0,0.16677067768304474
p20.png,Procurando,0.29714842639146205,0.6102345461343207,0.7929600139258606,0.0,0.27974861562802145
p21.png,Procurando,0.19068850639471294,0.5443026608551222,0.7561748419154535,0.0,0.1733409510415751
p22.png,Procurando,0.20111873456399068,0.5512462536213764,0.7602310819732845,0.0,0.18450821833523776
p23.png,Procurando,0.24637350554154752,0.5784660486326345,0.7750311171318955,0.0,0.23004746418212182
p24.png,Procurando,0.2444251991028111,0.5821765791663601,0.7791408707285948,0.0,0.2293574756086842
p25.png,Procurando,0.246888872802974,0.5780821299249893,0.7745263491703116,0.0,0.23010459699393512
p26.png,Procurando,0.21754473680106237,0.5588702180353277,0.7635243964862628,0.0,0.20265447833347983
p27.png,Procurando,0.1917398363052118,0.5452587866472541,0.7568315331759953,0.0,0.17730508921508306
p28.png,Procurando,0.20619542006812458,0.553576238265327,0.7611931364794426,0.0,0.19227388591016964
p29.png,Procurando,0.1930515298320877,0.5448496881392696,0.7561701713296339,0.0,0.17888283378746594
p30.png,Procurando,0.20012426171117337,0.5494856495819391,0.7588678051866631,0.0,0.18621780785795905
r1.jpg,RPDR,0.3777647713739372,0.15511913440782746,0.0956531667779266,0.34773666168585743,0.0
r10.jpg,RPDR,0.791101913561642,0.21300289369500072,0.479584524677382,0.015926870000878966,8.78966335589347E-6
r2.jpg,RPDR,0.48969258583278297,0.16951313882321403,0.6347541737974111,0.13638481146172102,0.004473938648149776
r3.jpg,RPDR,0.574410808183965,0.18332371640763775,0.511520904749328,0.021618177023819986,0.0016260877208402918
r4.jpg,RPDR,0.36444024493872657,0.3135777549132782,0.6467118731117398,0.041447657554715654,0.0013931616419091148
r8.jpg,RPDR,0.6601391007312274,0.16704307107409977,0.4331099724763138,0.03353696053441153,0.0
r9.jpg,RPDR,0.4693504094088219,0.24174924641575887,0.5282752095299175,0.1330447393864815,0.0018326448097037884
275628_Papel-de-Parede-Meme-Forever-Alone_1600x1200.jpg,Trollface,0.9419977008997741,0.9422939125549497,0.9407416924759132,0.0427968708798453,0.9258152412762591
file.jpg,Trollface,0.8972980919537054,0.8973159470345589,0.8973627390659542,0.04840907093258328,0.8428979520084381
fuuu.jpg,Trollface,0.7574843638786914,0.7305520080936936,0.7274039987800363,0.1677067768304474,0.661628724619847
meme_me_gusta.jpg,Trollface,0.8463396567207296,0.8463396567207296,0.8463396567207296,0.0862793355014503,0.7823899094664675
TrollFace.jpg,Trollface,0.802973439705496,0.802973439705496,0.802973439705496,0.17761712226421728,0.7836907796431397
